basDt,srtnCd,fndNm,ctg,setpDt,fndTp,prdClsfCd,asoStdCd
20260511,26371,iM에셋 우량채권 증권모투자신탁(채권),자산운용,20100507,채권형,11112Z120010131ZZZZ5,KR5368263715
20260511,ER922,하나리레이팅코리아50증권투자신탁[채권혼합-재간접형]ClassC-PE,자산운용,20260223,재간접,161116120360121ZZZZ4,K55102ER9227
20260511,ER916,하나리레이팅코리아50증권투자신탁[채권혼합-재간접형]ClassA-E,자산운용,20260219,재간접,161116120010121ZZZZ4,K55102ER9169
20260511,77508,한국투자퇴직연금LCF2025증권자투자신탁2호(채권혼합),자산운용,20080507,혼합채권형,14113Z12060012111124,KR5101775082
20260511,AR669,KB 법인용 MMF I-2호(국공채) C-I 클래스,자산운용,20140429,단기금융,1EE119120490181ZZZZ6,KR5223AR6694
20260511,ES795,플러스 핵심성장 목표전환형 증권투자신탁2호(주식혼합) 종류C-p1,자산운용,20260226,혼합주식형,13113A32036012111ZZ2,K55311ES7953
20260511,ES789,플러스 핵심성장 목표전환형 증권투자신탁2호(주식혼합) 종류A,자산운용,20260226,혼합주식형,13113232012012111ZZ2,K55311ES7896
20260511,EV110,한국투자JP모간미국테크증권자투자신탁H(주식-재간접형)(C),자산운용,20260507,재간접,16123412001101111ZZB,K55101EV1104
20260511,EV118,한국투자JP모간미국테크증권자투자신탁H(주식-재간접형)(C-W),자산운용,20260507,재간접,16123B12001101111ZZB,K55101EV1187
20260511,EV117,한국투자JP모간미국테크증권자투자신탁H(주식-재간접형)(C-Re),자산운용,20260507,재간접,16123612060101111ZZB,K55101EV1179
20260511,EV116,한국투자JP모간미국테크증권자투자신탁H(주식-재간접형)(C-R),자산운용,20260507,재간접,16123A12060101111ZZB,K55101EV1161
20260511,EV115,한국투자JP모간미국테크증권자투자신탁H(주식-재간접형)(C-Pe),자산운용,20260507,재간접,16123612036101111ZZB,K55101EV1153
20260511,EV114,한국투자JP모간미국테크증권자투자신탁H(주식-재간접형)(C-P),자산운용,20260507,재간접,16123412036101111ZZB,K55101EV1146
20260511,EV111,한국투자JP모간미국테크증권자투자신탁H(주식-재간접형)(C-e),자산운용,20260507,재간접,16123612001101111ZZB,K55101EV1112
20260511,EU683,신한SOL코스닥150인덱스증권투자신탁[주식-파생형](종류C-pe),자산운용,20260429,파생상품,12211612036017111262,K55210EU6839
20260511,EV108,한국투자JP모간미국테크증권자투자신탁H(주식-재간접형)(A-e),자산운용,20260507,재간접,16123612001101111ZZB,K55101EV1088
20260511,EV107,한국투자JP모간미국테크증권자투자신탁H(주식-재간접형)(A1),자산운용,20260507,재간접,16123212001101111ZZB,K55101EV1070
20260511,EV106,한국투자JP모간미국테크증권자투자신탁H(주식-재간접형)(A),자산운용,20260507,재간접,16123212001101111ZZB,K55101EV1062
20260511,EV105,한국투자JP모간미국테크증권자투자신탁H(주식-재간접형)(모),자산운용,20260507,재간접,16123112001101111ZZB,K55101EV1054
20260511,EV076,한국투자JP모간미국테크증권모투자신탁(USD)(주식-재간접형),자산운용,20260507,재간접,16122Z12001101111ZZ1,K55101EV0767
20260511,ES329,신한빠른대응적격TDF2050증권자투자신탁(H)[주식혼합-재간접형](종류C-re),자산운용,20260507,재간접,161236120600211ZZZZB,K55210ES3293
20260511,ES179,DB지수연계증권투자신탁KSE-21호(온라인전용)[ELS-파생형],자산운용,20260507,파생상품,12211Z329470153ZZZZ1,K55216ES1796
20260511,EM194,한국밸류10년투자증권투자신탁1호(채권혼합)(S-P),자산운용,20260123,혼합채권형,14111E12001012211ZZ4,K55236EM1947
20260511,EM195,한국밸류 10년투자 증권투자신탁 1호(채권혼합)(S-R),자산운용,20260202,혼합채권형,14111Y12001012211ZZ4,K55236EM1954
20260511,E4812,DB차이나증권투자신탁제1호[주식]ClassC-PE,자산운용,20260504,주식형,12121612036171101ZZB,K55216E48127
20260511,EV177,한국투자JP모간미국테크증권자투자신탁UH(주식-재간접형)(모),자산운용,20260507,재간접,16123112001101111ZZ1,K55101EV1773
20260511,EV178,한국투자JP모간미국테크증권자투자신탁UH(주식-재간접형)(A),자산운용,20260507,재간접,16123212001101111ZZ1,K55101EV1781
20260511,EV251,KB 글로벌 미래성장산업 증권 투자신탁(주식-재간접형)(UH) C-E,자산운용,20260507,재간접,161216120010211ZZZZ2,K55223EV2519
20260511,EV248,KB 글로벌 미래성장산업 증권 투자신탁(주식-재간접형)(UH) A-E,자산운용,20260507,재간접,161212120010211ZZZZ2,K55223EV2485
20260511,EV247,KB 글로벌 미래성장산업 증권 투자신탁(주식-재간접형)(UH) A,자산운용,20260507,재간접,161212120010211ZZZZ2,K55223EV2477
20260511,EV201,한국투자JP모간미국테크증권자투자신탁(USD)(주식-재간접형)(C-e),자산운용,20260507,재간접,16123612001101111ZZ1,K55101EV2011
20260511,EV199,한국투자JP모간미국테크증권자투자신탁(USD)(주식-재간접형)(C),자산운용,20260507,재간접,16123412001101111ZZ1,K55101EV1997
20260511,EV196,한국투자JP모간미국테크증권자투자신탁(USD)(주식-재간접형)(A-e),자산운용,20260507,재간접,16123612001101111ZZ1,K55101EV1963
20260511,EV195,한국투자JP모간미국테크증권자투자신탁(USD)(주식-재간접형)(A1),자산운용,20260507,재간접,16123212001101111ZZ1,K55101EV1955
20260511,EV193,한국투자JP모간미국테크증권자투자신탁(USD)(주식-재간접형)(A),자산운용,20260507,재간접,16123212001101111ZZ1,K55101EV1930
20260511,EV191,한국투자JP모간미국테크증권자투자신탁(USD)(주식-재간접형)(모),자산운용,20260507,재간접,16123112001101111ZZ1,K55101EV1914
20260511,EV189,한국투자JP모간미국테크증권자투자신탁UH(주식-재간접형)(C-Re),자산운용,20260507,재간접,16123612060101111ZZ1,K55101EV1898
20260511,EV188,한국투자JP모간미국테크증권자투자신탁UH(주식-재간접형)(C-R),자산운용,20260507,재간접,16123A12060101111ZZ1,K55101EV1880
20260511,EV187,한국투자JP모간미국테크증권자투자신탁UH(주식-재간접형)(C-Pe),자산운용,20260507,재간접,16123612036101111ZZ1,K55101EV1872
20260511,EV186,한국투자JP모간미국테크증권자투자신탁UH(주식-재간접형)(C-P),자산운용,20260507,재간접,16123412036101111ZZ1,K55101EV1864
20260511,EV183,한국투자JP모간미국테크증권자투자신탁UH(주식-재간접형)(C-e),자산운용,20260507,재간접,16123612001101111ZZ1,K55101EV1831
20260511,EV182,한국투자JP모간미국테크증권자투자신탁UH(주식-재간접형)(C),자산운용,20260507,재간접,16123412001101111ZZ1,K55101EV1823
20260511,EV180,한국투자JP모간미국테크증권자투자신탁UH(주식-재간접형)(A-e),자산운용,20260507,재간접,16123612001101111ZZ1,K55101EV1807
20260511,EV179,한국투자JP모간미국테크증권자투자신탁UH(주식-재간접형)(A1),자산운용,20260507,재간접,16123212001101111ZZ1,K55101EV1799
20260511,BG751,베어링고배당증권자투자신탁(주식)ClassA,자산운용,20160829,주식형,12113212001011411113,K55302BG7514
20260511,AQ635,카디안 차이나드래곤AShare증권자투자신탁(UH)[주식] 클래스 A-E,자산운용,20140611,주식형,12123212101171101ZZ2,KR5229AQ6350
20260511,AP106,NH-Amundi 성장 중소형주 증권투자신탁[주식]ClassS,자산운용,20140423,주식형,12111D12301011113111,KR5232AP1068
20260511,CS019,카디안 차이나드래곤AShare증권모투자신탁(미달러)[주식],자산운용,20250324,주식형,12122Z12001171101ZZ1,K55229CS0191
20260511,E9884,키움글로벌반도체Smart Investor분할매수증권투자신탁[혼합-재간접형] Class C-P,자산운용,20240701,재간접,16131A120360231ZZZZB,K55206E98842
20260511,EI725,한국투자UBP캠벨스마트알파증권모투자신탁(USD)(혼합-재간접형),자산운용,20250507,재간접,16122Z120010231ZZZZ1,K55101EI7256
20260511,ED355,신한미국장기채플러스증권자투자신탁(H)[채권-재간접형](종류C-s),자산운용,20240830,재간접,16123Y12001103124ZZC,K55210ED3555
20260511,EJ417,대신 미국 장기국채 밸런스 증권투자신탁[채권-재간접형] 종류 C-Pe,자산운용,20250331,재간접,16121A12036103124ZZD,K55203EJ4176
20260511,EI755,한국투자UBP캠벨스마트알파증권자투자신탁UH(혼합-재간접형)(A-e),자산운용,20250520,재간접,161236120010231ZZZZ1,K55101EI7553
20260511,EI749,한국투자UBP캠벨스마트알파증권자투자신탁H(혼합-재간접형)(C-Re),자산운용,20250520,재간접,161236120600231ZZZZA,K55101EI7496
20260511,EI764,한국투자UBP캠벨스마트알파증권자투자신탁UH(혼합-재간접형)(C-e),자산운용,20250514,재간접,161236120010231ZZZZ1,K55101EI7645
20260511,EI760,한국투자UBP캠벨스마트알파증권자투자신탁UH(혼합-재간접형)(C-Pe),자산운용,20250507,재간접,161236120360231ZZZZ1,K55101EI7603
20260511,EI752,한국투자UBP캠벨스마트알파증권자투자신탁UH(혼합-재간접형)(모),자산운용,20250507,재간접,161231120010231ZZZZ1,K55101EI7520
20260511,EI744,한국투자UBP캠벨스마트알파증권자투자신탁H(혼합-재간접형)(C-F),자산운용,20250507,재간접,161237120010231ZZZZA,K55101EI7447
20260511,EI739,한국투자UBP캠벨스마트알파증권자투자신탁H(혼합-재간접형)(모),자산운용,20250507,재간접,161231120010231ZZZZA,K55101EI7397
20260511,AM398,신한BEST신종법인용MMFGS-2호(종C),자산운용,20131101,단기금융,1EE114120010182ZZZZ6,KR5210AM3980
20260511,EI747,한국투자UBP캠벨스마트알파증권자투자신탁H(혼합-재간접형)(C-Pe),자산운용,20250515,재간접,161236120360231ZZZZA,K55101EI7470
20260511,EI762,한국투자UBP캠벨스마트알파증권자투자신탁UH(혼합-재간접형)(C-Re),자산운용,20250516,재간접,161236120600231ZZZZ1,K55101EI7629
20260511,EA102,한화 LIFEPLUS 적격TDF 2060 증권 자투자신탁(주식혼합-재간접형) C-RP(퇴직연금),자산운용,20241125,재간접,16123A12060021111ZZB,K55213EA1021
20260511,EI742,한국투자UBP캠벨스마트알파증권자투자신탁H(혼합-재간접형)(A-e),자산운용,20250519,재간접,161236120010231ZZZZA,K55101EI7421
20260511,EI751,한국투자UBP캠벨스마트알파증권자투자신탁H(혼합-재간접형)(C-e),자산운용,20250513,재간접,161236120010231ZZZZA,K55101EI7512
20260511,EU032,신영기업가치레벨업목표전환형증권투자신탁5호(채권혼합) C형,자산운용,20260413,혼합채권형,14111432012012111ZZ4,K55209EU0322
20260511,ET012,DB코스닥메가트렌드목표전환형증권투자신탁제1호[채권]종류A,자산운용,20260306,채권형,111112320120131ZZZZ5,K55216ET0128
20260511,EN878,iM에셋 법인 MMF 투자신탁 4호 C,자산운용,20250821,단기금융,1EE114120010181ZZZZ6,K55368EN8784
20260511,EM108,한국밸류10년투자증권투자신탁1호(채권혼합)(A1),자산운용,20250918,혼합채권형,14111212001012211ZZ4,K55236EM1087
20260511,EO353,KB RISE 글로벌게임테크TOP3Plus 증권상장지수투자신탁(주식),자산운용,20251017,주식형,12121Z12044021519ZZ2,K55223EO3532
20260511,EO464,흥국데이터포커스타겟다운목표전환형증권투자신탁1호[채권]C-f,자산운용,20250926,채권형,11111732012013121ZZ5,K55224EO4646
20260511,EU313,우리중소형고배당30증권투자신탁1호(채권혼합)ClassA3,자산운용,20260324,혼합채권형,141112120010131ZZZZ4,K55107EU3139
20260511,95899,신영주니어경제박사증권투자신탁(주식) C2형,자산운용,20101018,주식형,12111412901011211111,KR5209958994
20260511,26622,미래에셋장기성장포커스증권자투자신탁3호(주식)종류C4,자산운용,20130507,주식형,12113412001011111111,KR5301266221
20260511,95903,신영주니어경제박사증권투자신탁(주식) C5형,자산운용,20101018,주식형,12111412901011211111,KR5209959034
20260511,95902,신영주니어경제박사증권투자신탁(주식) C4형,자산운용,20101018,주식형,12111412901011211111,KR5209959026
20260511,95901,신영주니어경제박사증권투자신탁(주식) C3형,자산운용,20101018,주식형,12111412901011211111,KR5209959018
20260511,95898,신영주니어경제박사증권투자신탁(주식) C1형,자산운용,20101018,주식형,12111412901011211111,KR5209958986
20260511,A2292,NH-Amundi 성장 중소형주 증권투자신탁[주식] Class Ci,자산운용,20110419,주식형,12111912301011113111,KR5232A22925
20260511,A2285,NH-Amundi 성장 중소형주 증권투자신탁[주식],자산운용,20110419,주식형,121111123010111ZZZZ1,KR5232A22859
20260511,89734,하나블루칩바스켓증권자투자신탁(V-1호)[주식]ClassC-E,자산운용,20110729,주식형,12113612017011112112,KR5102897349
20260511,AA349,IBK 어린이 인덱스 증권 자투자신탁[주식] 종류 Ce,자산운용,20120510,주식형,12113612001011111122,KR5234AA3499
20260511,AL009,마이다스 거북이 70 증권 자투자신탁 1호(주식)Ae,자산운용,20140430,주식형,12113612001011111265,KR5303AL0092
20260511,BG300,한국밸류10년투자증권투자신탁1호(채권혼합)종류C-Pe,자산운용,20160831,혼합채권형,14111612036012211ZZ4,K55236BG3001
20260511,AA345,IBK어린이 인덱스 증권 자투자신탁 [주식],자산운용,20120507,주식형,12113112001011111122,KR5234AA3457
20260511,96626,BNK튼튼코리아증권투자신탁1호(주식) Class C5,자산운용,20120911,주식형,12111412001011111112,KR5240966261
20260511,A2288,NH-Amundi 성장 중소형주 증권투자신탁[주식] Class C2,자산운용,20120503,주식형,12111412301011113111,KR5232A22883
20260511,AA346,IBK 어린이 인덱스 증권 자투자신탁[주식] 종류 A,자산운용,20120507,주식형,12113212001011111122,KR5234AA3465
20260511,AA348,IBK 어린이 인덱스 증권 자투자신탁[주식] 종류 C,자산운용,20120507,주식형,12113412001011111122,KR5234AA3481
20260511,28679,마이다스 백년대계 어린이 적립식 증권자투자신탁(주식)C3,자산운용,20101025,주식형,12113412001011412112,KR5303286797
20260511,B3574,한화100세시대퇴직연금아시아리츠증권 자투자신탁(채권혼합),자산운용,20190701,혼합채권형,141331120600321ZZZZE,K55213B35747
20260511,B3575,한화100세시대퇴직연금아시아리츠증권 자투자신탁(채권혼합) C,자산운용,20190701,혼합채권형,141334120600321ZZZZE,K55213B35754
20260511,B3576,한화100세시대퇴직연금아시아리츠증권 자투자신탁(채권혼합) 종류 C-e,자산운용,20190703,혼합채권형,141336120600321ZZZZE,K55213B35762
20260511,CZ623,카디안 K단기채알파증권투자신탁[채권혼합] 클래스 C-P(퇴직연금),자산운용,20200901,혼합채권형,14111A12060012111ZZ5,K55229CZ6231
20260511,D8186,KB 글로벌 AI 플랫폼 증권 자투자신탁(주식)(UH) A,자산운용,20200727,주식형,12123212001021111212,K55223D81860
20260511,D4303,삼성 글로벌 EMP 적격TDF 2045 증권자투자신탁[주식혼합-재간접형]_S-P,자산운용,20200528,재간접,16123E120360211ZZZZC,K55105D43034
20260511,D4252,삼성 글로벌 EMP 적격TDF 2040 증권자투자신탁[주식혼합-재간접형]_S-P,자산운용,20200528,재간접,16123E120360211ZZZZC,K55105D42523
20260511,CK808,미래에셋AI글로벌모멘텀혼합자산자투자신탁(재간접형)종류S,자산운용,20190605,혼합자산,19123D1200102ZZZZZZD,K55301CK8086
20260511,CK796,미래에셋AI글로벌모멘텀혼합자산자투자신탁(재간접형),자산운용,20190507,혼합자산,1912311208102ZZZZZZD,K55301CK7963
20260511,CP464,한화 Japan REITs 부동산 투자신탁 1호(리츠-재간접형) C-Pe(연금저축),자산운용,20190603,부동산,171214120361644ZZ20C,K55213CP4640
20260511,CK806,미래에셋AI글로벌모멘텀혼합자산자투자신탁(재간접형)종류F,자산운용,20190507,혼합자산,19123C1100102ZZZZZZD,K55301CK8060
20260511,CT011,대신 로보어드바이저 자산배분 증권자투자신탁 제2호[채권혼합-재간접형] Class C-Pe,자산운용,20190729,재간접,16113A120600169ZZZZ5,K55203CT0117
20260511,CP463,한화 Japan REITs 부동산 투자신탁 1호(리츠-재간접형) C-P(연금저축),자산운용,20190719,부동산,171214120361644ZZ20C,K55213CP4632
20260511,DA131,NH-Amundi 성장 중소형주 증권투자신탁[주식] Class S-P2(퇴직연금),자산운용,20201224,주식형,12111E12060011313261,K55232DA1318
20260511,48783,신영주니어경제박사 증권 투자신탁(주식),자산운용,20050427,주식형,12111112001011211111,KR5209487838
20260511,BR951,NH-Amundi 성장 중소형주 증권투자신탁[주식]Class S-P1(연금저축),자산운용,20201214,주식형,12111E12036011313111,K55232BR9512
20260511,AE273,한국밸류10년투자증권투자신탁1호(채권혼합)(A),자산운용,20121129,혼합채권형,14111212001012211ZZ4,KR5236AE2735
20260511,AE246,한국밸류 10년투자증권투자신탁1호(채권혼합)(C-F),자산운용,20121127,혼합채권형,14111712601012211264,KR5236AE2461
20260511,AE245,한국밸류10년투자증권투자신탁1호(채권혼합)(C),자산운용,20121122,혼합채권형,14111412001012211ZZ4,KR5236AE2453
20260511,AK740,IBK 퇴직연금밸류40증권 자신탁 [채혼],자산운용,20140507,혼합채권형,14113112060012211ZZ4,KR5234AK7407
20260511,AR355,한국밸류10년투자증권투자신탁1호(채권혼합)종류C-W,자산운용,20140422,혼합채권형,14111B12001012211ZZ4,KR5236AR3555
20260511,AS482,한국밸류10년투자증권투자신탁1호(채권혼합)종류C-E,자산운용,20140528,혼합채권형,14111612001012211ZZ4,KR5236AS4826
20260511,DE774,삼성 글로벌 EMP 적격TDF 2045 증권자투자신탁[주식혼합-재간접형]_Ce,자산운용,20210317,재간접,161236120010211ZZZZC,K55105DE7745
20260511,DE767,삼성 글로벌 EMP 적격TDF 2040 증권자투자신탁[주식혼합-재간접형]_Ae,자산운용,20210218,재간접,161236120010211ZZZZC,K55105DE7679
20260511,C4993,우리지속가능ESG증권자투자신탁1호(주식)ClassC-P1e,자산운용,20210115,주식형,12113A12336011111112,K55107C49930
20260511,DE759,삼성 글로벌 EMP 적격TDF 2055 증권자투자신탁[주식혼합-재간접형]_Ae,자산운용,20210315,재간접,161236120810211ZZZZC,K55105DE7596
20260511,DG662,우리단기플러스증권투자신탁(채권)[운용],자산운용,20210324,채권형,111111120010131ZZZZ5,K55107DG6628
20260511,DG664,우리단기플러스증권투자신탁(채권)ClassC-V,자산운용,20210324,채권형,11111Y120010131ZZZZ5,K55107DG6644
20260511,DG665,우리단기플러스증권투자신탁(채권)ClassC-F,자산운용,20210324,채권형,111117120010131ZZZZ5,K55107DG6651
20260511,DE761,삼성 글로벌 EMP 적격TDF 2055 증권자투자신탁[주식혼합-재간접형]_Ce,자산운용,20210906,재간접,161236120810211ZZZZC,K55105DE7612
20260511,DN032,HDC날아라공모주알파증권투자신탁(채권혼합)종류A-E,자산운용,20210913,혼합채권형,141116123250126ZZZZ5,K55226DN0321
20260511,CK810,미래에셋AI글로벌모멘텀혼합자산자투자신탁(재간접형) 종류C-P,자산운용,20210308,혼합자산,19123A1203602ZZZZZZD,K55301CK8102
20260511,DF186,삼성에너지트랜지션증권자투자신탁H[주식-재간접형]_Cpe(퇴직연금),자산운용,20210203,재간접,16123612060021111ZZA,K55105DF1861
20260511,D5877,BNK삼성전자중소형증권투자신탁1호(주식) Class C-P2e,자산운용,20201211,주식형,12111A12060011111262,K55240D58771
20260511,DE771,삼성 글로벌 EMP 적격TDF 2045 증권자투자신탁[주식혼합-재간접형]_Ae,자산운용,20210215,재간접,161236120010211ZZZZC,K55105DE7711
20260511,74872,신한좋은아침희망증권자투자신탁제1호[주식](종류C1),자산운용,20031231,주식형,12113412001011312112,KR5219748724
20260511,AP507,미래에셋스마트롱숏30증권자투자신탁1호(채권혼합)종류A-e,자산운용,20140312,혼합채권형,141136120010121ZZ265,KR5301AP5073
20260511,AP748,한국밸류10년투자증권투자신탁1호(채권혼합)종류S,자산운용,20140422,혼합채권형,14111D12001012211ZZ4,KR5236AP7483
20260511,93325,브이아이 혁신기업투자 증권 투자신탁 1호[주식] C-F,자산운용,20090817,주식형,12111412301011111ZZ4,KR5104933258
20260511,72316,다올코리아AI테크중소형증권자투자신탁제2호[주식] 종류C,자산운용,20070806,주식형,12113312318011111111,KR5306723168
20260511,E2633,한화 헤라클레스 선진국 액티브 증권 모투자신탁(주식),자산운용,20230508,주식형,12122Z12001021111ZZ2,K55213E26336
20260511,E2634,한화 헤라클레스 선진국 액티브 증권 자투자신탁(UH)(주식),자산운용,20230508,주식형,12123112001021111ZZ2,K55213E26344
20260511,E2643,한화 헤라클레스 선진국 액티브 증권 자투자신탁(UH)(주식) C-f,자산운용,20230508,주식형,12123712001021111ZZ2,K55213E26435
20260511,E2642,한화 헤라클레스 선진국 액티브 증권 자투자신탁(UH)(주식) C-e,자산운용,20230508,주식형,12123612001021111ZZ2,K55213E26427
20260511,E2655,한화 헤라클레스 선진국 액티브 증권 자투자신탁(UH)(주식) J-e,자산운용,20230915,주식형,12123C12001021111ZZ2,K55213E26559
20260511,E2647,한화 헤라클레스 선진국 액티브 증권 자투자신탁(UH)(주식) C-Pe(연금저축),자산운용,20230511,주식형,12123612036021111ZZ2,K55213E26476
20260511,E1530,NH-Amundi UBP 글로벌리더스30 증권자투자신탁(H)[주식-재간접형] Class A,자산운용,20230511,재간접,1612321200102111121C,K55232E15305
20260511,E2639,한화 헤라클레스 선진국 액티브 증권 자투자신탁(UH)(주식) A,자산운용,20230517,주식형,12123212001021111ZZ2,K55213E26393
20260511,E2640,한화 헤라클레스 선진국 액티브 증권 자투자신탁(UH)(주식) A-e,자산운용,20230517,주식형,12123612001021111ZZ2,K55213E26401
20260511,E2641,한화 헤라클레스 선진국 액티브 증권 자투자신탁(UH)(주식) C,자산운용,20230517,주식형,12123412001021111ZZ2,K55213E26419
20260511,E2646,한화 헤라클레스 선진국 액티브 증권 자투자신탁(UH)(주식) C-P(연금저축),자산운용,20230517,주식형,12123412036021111ZZ2,K55213E26468
20260511,E2648,한화 헤라클레스 선진국 액티브 증권 자투자신탁(UH)(주식) C-RP(퇴직연금),자산운용,20230517,주식형,12123A12060021111ZZ2,K55213E26484
20260511,E2649,한화 헤라클레스 선진국 액티브 증권 자투자신탁(UH)(주식) C-RPe(퇴직연금),자산운용,20230517,주식형,12123A12060021111ZZ2,K55213E26492
20260511,E2656,한화 헤라클레스 선진국 액티브 증권 자투자신탁(UH)(주식) J-Pe(연금저축),자산운용,20230915,주식형,12123C12036021111ZZ2,K55213E26567
20260511,87487,하나코리아증권자투자신탁[주식]ClassC-E,자산운용,20080901,주식형,12113612365011111112,KR5312874872
20260511,E1536,NH-Amundi UBP 글로벌리더스30 증권자투자신탁(H)[주식-재간접형] Class Cf,자산운용,20231019,재간접,1612371200102111121C,K55232E15362
20260511,DW125,미래에셋밸런스TRF안정형증권자투자신탁(채권혼합) 종류C-P2e,자산운용,20220824,혼합채권형,141336120600221ZZZZ4,K55301DW1250
20260511,AH290,한국밸류10년투자증권투자신탁1호(채권혼합)(C-P),자산운용,20130402,혼합채권형,14111A12036012211ZZ4,KR5236AH2906
20260511,DE769,삼성 글로벌 EMP 적격TDF 2040 증권자투자신탁[주식혼합-재간접형]_Ce,자산운용,20230411,재간접,161236120010211ZZZZC,K55105DE7695
20260511,C6438,브레인코스닥벤처증권투자신탁(주식혼합) 종류 CW,자산운용,20230411,혼합주식형,13111B12301011131ZZ1,K55454C64380
20260511,DN571,웰컴공모주하이일드증권투자신탁제3호[채권혼합]C-P1,자산운용,20211224,혼합채권형,14111A123360126ZZZZ6,K55244DN5716
20260511,DX666,KB 법인용 달러 MMF 1호(USD) C-F,자산운용,20230725,단기금융,1EE217120010282ZZZZ6,K55223DX6667
20260511,DX076,삼성 글로벌 EMP 적격TDF 2040 증권자투자신탁[주식혼합-재간접형]_O(디폴트옵션),자산운용,20221212,재간접,16123H120600211ZZZZC,K55105DX0762
20260511,DX069,삼성 글로벌 EMP 적격TDF 2045 증권자투자신탁[주식혼합-재간접형]_O(디폴트옵션),자산운용,20221212,재간접,16123H120600211ZZZZC,K55105DX0697
20260511,E1541,NH-Amundi UBP 글로벌리더스30 증권자투자신탁(H)[주식-재간접형] Class C-P2e(퇴직연금),자산운용,20230622,재간접,1612361206002111121C,K55232E15412
20260511,26588,미래에셋장기성장포커스증권자투자신탁3호(주식)종류A,자산운용,20100507,주식형,12113212001011111111,KR5301265884
20260511,26613,미래에셋장기성장포커스증권자투자신탁3호(주식)종류A-e,자산운용,20100507,주식형,12113612001011111111,KR5301266130
20260511,26587,미래에셋장기성장포커스증권자투자신탁3호(주식),자산운용,20100507,주식형,12113112001011111111,KR5301265876
20260511,26589,미래에셋장기성장포커스증권자투자신탁3호(주식)종류C,자산운용,20100507,주식형,12113412001011111111,KR5301265892
20260511,E1496,NH-Amundi UBP 글로벌리더스30 증권자투자신탁(H)[주식-재간접형],자산운용,20230420,재간접,1612311200102111121C,K55232E14969
20260511,E1531,NH-Amundi UBP 글로벌리더스30 증권자투자신탁(H)[주식-재간접형] Class Ae,자산운용,20230420,재간접,1612361200102111121C,K55232E15313
20260511,E1534,NH-Amundi UBP 글로벌리더스30 증권자투자신탁(H)[주식-재간접형] Class Ce,자산운용,20230420,재간접,1612361200102111121C,K55232E15347
20260511,E1539,NH-Amundi UBP 글로벌리더스30 증권자투자신탁(H)[주식-재간접형] Class C-P1e(연금저축),자산운용,20230420,재간접,1612361203602111121C,K55232E15396
20260511,E9883,키움글로벌반도체Smart Investor분할매수증권투자신탁[혼합-재간접형] Class C-F,자산운용,20240507,재간접,161317120010229ZZZZB,K55206E98834
20260511,E9877,키움글로벌반도체Smart Investor분할매수증권투자신탁[혼합-재간접형] Class A,자산운용,20240510,재간접,161312120010231ZZZZB,K55206E98776
20260511,E9879,키움글로벌반도체Smart Investor분할매수증권투자신탁[혼합-재간접형] Class A-e,자산운용,20240514,재간접,161316120010229ZZZZB,K55206E98792
20260511,E6530,한화 헤라클레스 선진국 액티브 증권 자투자신탁(UH)(주식) J-P(연금저축),자산운용,20231127,주식형,12123C12036021111ZZ2,K55213E65300
20260511,E9881,키움글로벌반도체Smart Investor분할매수증권투자신탁[혼합-재간접형] Class C-e,자산운용,20240514,재간접,161316120010229ZZZZB,K55206E98818
20260511,E9885,키움글로벌반도체Smart Investor분할매수증권투자신탁[혼합-재간접형] Class C-Pe,자산운용,20240517,재간접,16131A120360229ZZZZB,K55206E98859
20260511,E9876,키움글로벌반도체Smart Investor분할매수증권투자신탁[혼합-재간접형],자산운용,20240507,재간접,161311120010229ZZZZB,K55206E98768
20260511,E9880,키움글로벌반도체Smart Investor분할매수증권투자신탁[혼합-재간접형] Class C,자산운용,20240507,재간접,161314120010229ZZZZB,K55206E98800
20260511,ED284,다올내일출금초단기채공모주증권투자신탁[채권혼합] 종류C-Pe,자산운용,20240715,혼합채권형,141116120360131ZZZZ5,K55306ED2842
20260511,E7994,다올주주환원증권투자신탁[주식] 종류Ce,자산운용,20240222,주식형,12111612001011111112,K55306E79949
20260511,52156,한국투자마스터증권자투자신탁1호(국공채)(모),자산운용,20030507,채권형,11113112001013222ZZ5,KR5101521569
20260511,36917,한국투자마스터증권자투자신탁1호(국공채)(C),자산운용,20030507,채권형,11113412001013222ZZ5,KR5101369175
20260511,69070,피델리티미국증권자투자신탁C1(주식-재간접형),자산운용,20070517,재간접,1612341200110110120C,KR5235690702
20260511,83713,한화 Japan REITs 부동산 투자신탁 1호(리츠-재간접형) (A-e),자산운용,20050316,부동산,171212120011644ZZ20C,KR5213837135
20260511,83717,한화 Japan REITs 부동산 투자신탁 1호(리츠-재간접형) (C-e),자산운용,20050316,부동산,171214120011644ZZ20C,KR5213837176
20260511,BG943,한화아시아리츠부동산 자투자신탁(리츠-재간접형) C-e,자산운용,20160831,부동산,171236120010344ZZ18C,K55213BG9435
20260511,BG942,한화아시아리츠부동산 자투자신탁(리츠-재간접형) A-e,자산운용,20160831,부동산,171236120010344ZZ18C,K55213BG9427
20260511,B2500,삼성퇴직연금POP펀드로테이션증권자투자신탁[채권혼합-재간접형],자산운용,20150507,재간접,161331120600221ZZ265,K55105B25001
20260511,B2495,삼성글로벌펀드로테이션증권모투자신탁[채권혼합-재간접형],자산운용,20150507,재간접,16132Z120010221ZZ265,K55105B24954
20260511,97043,우리 PIMCO글로벌투자등급자투자신탁[채권_재간접형](H)Class P1,자산운용,20110209,재간접,16123A120600231ZZZZE,KR5228970434
20260511,BC777,삼성 글로벌액티브 적격TDF 2045 증권투자신탁H[주식혼합-재간접형]_Ae,자산운용,20160526,재간접,16121612001021111ZZC,K55105BC7772
20260511,B4171,베어링고배당증권투자회사(주식)ClassC-P,자산운용,20150720,주식형,22111A12036011411112,K5M302B41719
20260511,BX579,한화중국본토증권 자투자신탁 H(주식) 종류C-RPe(퇴직연금),자산운용,20171103,주식형,12123A1206017110120B,K55213BX5796
20260511,BZ107,한국투자월스트리트투자은행증권투자신탁1호(주식)(C-Pe),자산운용,20171102,주식형,1212161203602150121B,K55101BZ1079
20260511,BV419,삼성퇴직연금POP펀드로테이션증권자투자신탁[채권혼합-재간접형]_C,자산운용,20170810,재간접,161334120600221ZZ265,K55105BV4198
20260511,A2289,NH-Amundi 성장 중소형주 증권투자신탁[주식] Class C3,자산운용,20161107,주식형,12111412301011113111,KR5232A22891
20260511,BU461,NH-Amundi 성장 중소형주 증권투자신탁[주식] Class C-P1e(연금저축),자산운용,20170810,주식형,12111612036011313111,K55232BU4617
20260511,AK601,IBK 밸류 코리아 증권 자투자신탁 1호[주식] 종류 C-e,자산운용,20170110,주식형,12113612001011211112,KR5234AK6011
20260511,BV420,삼성퇴직연금POP펀드로테이션증권자투자신탁[채권혼합-재간접형]_Ce,자산운용,20170823,재간접,161336120600221ZZ265,K55105BV4206
20260511,BU279,카디안 차이나드래곤AShare증권자투자신탁(UH)[주식] 클래스C-P2(연금저축)E,자산운용,20170911,주식형,12123A12036171101ZZ2,K55229BU2798
20260511,BW891,IBK 퇴직연금 밸류40 증권 자투자신탁[채권혼합] 종류C,자산운용,20170926,혼합채권형,14113412060012211ZZ4,K55234BW8911
20260511,BR052,트러스톤칭기스칸증권투자신탁[주식]Cp클래스,자산운용,20170605,주식형,12111412036011111112,K55363BR0520
20260511,56288,한국밸류10년투자증권투자신탁1호(채권혼합)(모),자산운용,20060418,혼합채권형,14111112001012211ZZ4,KR5236562884
20260511,BU278,카디안 차이나드래곤AShare증권자투자신탁(UH)[주식] 클래스C-P(퇴직연금)E,자산운용,20170814,주식형,12123A12060171101ZZ2,K55229BU2780
20260511,BU460,NH-Amundi 성장 중소형주 증권투자신탁[주식] Class Ae,자산운용,20170817,주식형,12111612011011313111,K55232BU4609
20260511,BU462,NH-Amundi 성장 중소형주 증권투자신탁[주식] Class C-P2e(퇴직연금),자산운용,20170817,주식형,12111612060011313111,K55232BU4625
20260511,CF533,한화 스마트 법인 MMF 1호 종류C,자산운용,20180920,단기금융,1EE11412001018221ZZ6,K55213CF5334
20260511,BJ483,한국투자마스터증권자투자신탁1호(국공채)(C-W),자산운용,20180807,채권형,11113B12049013222ZZ5,K55101BJ4834
20260511,CZ578,카디안 K단기채알파증권투자신탁[채권혼합] 클래스 C,자산운용,20200130,혼합채권형,14111412001012111ZZ5,K55229CZ5787
20260511,CZ572,카디안 K단기채알파증권투자신탁[채권혼합] 클래스 A,자산운용,20200130,혼합채권형,14111212001012111ZZ5,K55229CZ5720
20260511,CZ576,카디안 K단기채알파증권투자신탁[채권혼합] 클래스 A-E,자산운용,20200211,혼합채권형,14111612001012111ZZ5,K55229CZ5761
20260511,BR950,NH-Amundi 성장 중소형주 증권투자신탁[주식]Class CG,자산운용,20180228,주식형,12111G12011011313111,K55232BR9504
20260511,D1076,한화 Japan REITs 부동산 투자신탁 1호(리츠-재간접형) C-RPe(퇴직연금),자산운용,20200213,부동산,171216120601644ZZ20C,K55213D10761
20260511,BW892,IBK 퇴직연금 밸류40 증권 자투자신탁[채권혼합] 종류C-e,자산운용,20171211,혼합채권형,14113612060012211ZZ4,K55234BW8929
20260511,CE873,베어링글로벌선순위담보채권증권자투자신탁[H](채권-재간접형)Class C,자산운용,20190308,재간접,161234120612234ZZ265,K55302CE8737
20260511,BT317,DB차이나증권투자신탁제1호[주식]ClassA-E,자산운용,20171206,주식형,12121612001171101ZZB,K55216BT3174
20260511,D4298,삼성 글로벌 EMP 적격TDF 2045 증권자투자신탁[주식혼합-재간접형]_C-Pe,자산운용,20200522,재간접,161236120360211ZZZZC,K55105D42986
20260511,D3645,삼성 글로벌 EMP 적격TDF 2055 증권자투자신탁[주식혼합-재간접형],자산운용,20200507,재간접,161231120810211ZZZZC,K55105D36459
20260511,D3644,삼성 글로벌 EMP 적격TDF 2055 증권모투자신탁[주식혼합-재간접형],자산운용,20200507,재간접,16122Z120810211ZZZZC,K55105D36442
20260511,D3153,삼성 글로벌 EMP 적격TDF 2040 증권모투자신탁[주식혼합-재간접형],자산운용,20200507,재간접,16122Z120810211ZZZZC,K55105D31534
20260511,D3154,삼성 글로벌 EMP 적격TDF 2040 증권자투자신탁[주식혼합-재간접형],자산운용,20200507,재간접,161231120810211ZZZZC,K55105D31542
20260511,D3647,삼성 글로벌 EMP 적격TDF 2045 증권모투자신탁[주식혼합-재간접형],자산운용,20200507,재간접,16122Z120810211ZZZZC,K55105D36475
20260511,D3648,삼성 글로벌 EMP 적격TDF 2045 증권자투자신탁[주식혼합-재간접형],자산운용,20200507,재간접,161231120810211ZZZZC,K55105D36483
20260511,D4247,삼성 글로벌 EMP 적격TDF 2040 증권자투자신탁[주식혼합-재간접형]_C-Pe,자산운용,20200522,재간접,161236120360211ZZZZC,K55105D42473
20260511,D4326,삼성 글로벌 EMP 적격TDF 2055 증권자투자신탁[주식혼합-재간접형]_C-Pe,자산운용,20200522,재간접,161236120360211ZZZZC,K55105D43265
20260511,26377,iM에셋 퇴직연금 40 증권자투자신탁 1호(채권혼합),자산운용,20100507,혼합채권형,14113Z120600121ZZ114,KR5368263772
20260511,CZ596,카디안 K단기채알파증권투자신탁[채권혼합] 클래스 C-F,자산운용,20200128,혼합채권형,14111712001012111ZZ5,K55229CZ5969
20260511,CZ571,카디안 K단기채알파증권투자신탁[채권혼합],자산운용,20200128,혼합채권형,14111112001012111ZZ5,K55229CZ5712
20260511,CK801,미래에셋AI글로벌모멘텀혼합자산자투자신탁(재간접형)종류C-e,자산운용,20200331,혼합자산,1912361200102ZZZZZZD,K55301CK8011
20260511,BU441,미래에셋퇴직플랜농산물안정형증권자투자신탁(채권혼합) 종류C-P2e,자산운용,20180320,혼합채권형,141336120602331ZZZZ4,K55301BU4415
20260511,A2290,NH-Amundi 성장 중소형주 증권투자신탁[주식] Class C4,자산운용,20180131,주식형,12111412001011113111,KR5232A22909
20260511,C4896,KB 주주가치 포커스 증권 투자신탁(주식) C3,자산운용,20200312,주식형,12111412001011511112,K55223C48960
20260511,BR949,NH-Amundi 성장 중소형주 증권투자신탁[주식]Class AG,자산운용,20180214,주식형,12111G12011011313111,K55232BR9496
20260511,D4300,삼성 글로벌 EMP 적격TDF 2045 증권자투자신탁[주식혼합-재간접형]_Cpe(퇴직연금),자산운용,20200525,재간접,161236120600211ZZZZC,K55105D43000
20260511,D4329,삼성 글로벌 EMP 적격TDF 2055 증권자투자신탁[주식혼합-재간접형]_Cpe(퇴직연금),자산운용,20200525,재간접,161236120600211ZZZZC,K55105D43299
20260511,D3893,삼성 글로벌 EMP TDF증권투자신탁[채권혼합-재간접형]_Cpe(퇴직연금),자산운용,20200525,재간접,161216120600221ZZZZD,K55105D38935
20260511,D3652,iM에셋 글로벌 리얼인컴 EMP 증권투자신탁(H)(혼합-재간접형) A,자산운용,20200518,재간접,161212120010221ZZZZD,K55368D36529
20260511,D4327,삼성 글로벌 EMP 적격TDF 2055 증권자투자신탁[주식혼합-재간접형]_Cp(퇴직연금),자산운용,20200525,재간접,16123A120600211ZZZZC,K55105D43273
20260511,CZ581,카디안 K단기채알파증권투자신탁[채권혼합] 클래스 C-E,자산운용,20200318,혼합채권형,14111612001012111ZZ5,K55229CZ5811
20260511,D4248,삼성 글로벌 EMP 적격TDF 2040 증권자투자신탁[주식혼합-재간접형]_Cp(퇴직연금),자산운용,20200525,재간접,16123A120600211ZZZZC,K55105D42481
20260511,D4299,삼성 글로벌 EMP 적격TDF 2045 증권자투자신탁[주식혼합-재간접형]_Cp(퇴직연금),자산운용,20200525,재간접,16123A120600211ZZZZC,K55105D42994
20260511,D4249,삼성 글로벌 EMP 적격TDF 2040 증권자투자신탁[주식혼합-재간접형]_Cpe(퇴직연금),자산운용,20200525,재간접,161236120600211ZZZZC,K55105D42499
20260511,D4333,삼성 글로벌 EMP 적격TDF 2055 증권자투자신탁[주식혼합-재간접형]_S-P(퇴직연금),자산운용,20200601,재간접,16123E120600211ZZZZC,K55105D43331
20260511,D4304,삼성 글로벌 EMP 적격TDF 2045 증권자투자신탁[주식혼합-재간접형]_S-P(퇴직연금),자산운용,20200601,재간접,16123E120600211ZZZZC,K55105D43042
20260511,D4253,삼성 글로벌 EMP 적격TDF 2040 증권자투자신탁[주식혼합-재간접형]_S-P(퇴직연금),자산운용,20200601,재간접,16123E120600211ZZZZC,K55105D42531
20260511,BP130,한국밸류10년투자증권투자신탁1호(채권혼합)종류A-G,자산운용,20191004,혼합채권형,14111G12001012211ZZ4,K55236BP1301
20260511,CK813,미래에셋AI글로벌모멘텀혼합자산자투자신탁(재간접형)종류C-P2e,자산운용,20191002,혼합자산,1912361206002ZZZZZZD,K55301CK8136
20260511,CW642,미래에셋코어테크증권자투자신탁(주식) 종류C-e,자산운용,20191023,주식형,12113612001011511ZZ1,K55301CW6425
20260511,D4332,삼성 글로벌 EMP 적격TDF 2055 증권자투자신탁[주식혼합-재간접형]_S-P,자산운용,20200529,재간접,16123E120360211ZZZZC,K55105D43323
20260511,C5709,현대인베스트 코스닥 벤처 증권투자신탁1호(주식혼합)C-e,자산운용,20180405,혼합주식형,13111612001011131ZZ1,K55239C57090
20260511,CJ527,NH-Amundi USD 초단기채권 증권자투자신탁(UH)[채권] Class C-P1e(연금저축),자산운용,20190125,채권형,11123612036023121ZZ4,K55232CJ5279
20260511,D1077,한화 Japan REITs 부동산 투자신탁 1호(리츠-재간접형) S-RP(퇴직연금),자산운용,20200720,부동산,17121E120601644ZZ20C,K55213D10779
20260511,CV557,흥국중기국공채증권투자신탁[채권]C-i,자산운용,20191001,채권형,11111912001013223ZZ5,K55224CV5570
20260511,CK812,미래에셋AI글로벌모멘텀혼합자산자투자신탁(재간접형)종류C-P2,자산운용,20191010,혼합자산,19123A1206002ZZZZZZD,K55301CK8128
20260511,CK798,미래에셋AI글로벌모멘텀혼합자산자투자신탁(재간접형)종류A-e,자산운용,20190926,혼합자산,1912361200102ZZZZZZD,K55301CK7989
20260511,CK811,미래에셋AI글로벌모멘텀혼합자산자투자신탁(재간접형)종류C-Pe,자산운용,20190926,혼합자산,1912361203602ZZZZZZD,K55301CK8110
20260511,B0168,베어링고배당플러스증권투자신탁(주식)ClassI,자산운용,20150224,주식형,12111912001011411112,K55302B01682
20260511,B4799,NH-Amundi 성장 중소형주 증권투자신탁[주식]Class C-P1(연금저축),자산운용,20150713,주식형,12111A12036011113111,K55232B47999
20260511,99330,카디안 차이나드래곤AShare증권자투자신탁(UH)[주식] 클래스 C5,자산운용,20110509,주식형,12123412001171101ZZ2,KR5229993302
20260511,A2291,NH-Amundi 성장 중소형주 증권투자신탁[주식] Class Ce,자산운용,20110427,주식형,12111612301011113111,KR5232A22917
20260511,68498,카디안 차이나드래곤AShare증권자투자신탁(UH)[주식],자산운용,20070507,주식형,12123112001171101ZZ2,KR5229684984
20260511,68499,카디안 차이나드래곤AShare증권자투자신탁(UH)[주식] 클래스 A,자산운용,20070507,주식형,12123212001171101ZZ2,KR5229684992
20260511,68500,카디안 차이나드래곤AShare증권자투자신탁(UH)[주식] 클래스 C,자산운용,20070507,주식형,12123412001171101ZZ2,KR5229685007
20260511,67616,IBK 골드마이닝 증권 자투자신탁 1호[주식] 종류 A,자산운용,20070413,주식형,12123212014021501ZZA,KR5234676165
20260511,BG296,한국밸류10년투자증권투자신탁1호(채권혼합)종류A-E,자산운용,20160901,혼합채권형,14111612001012211ZZ4,K55236BG2961
20260511,16164,카디안 차이나드래곤AShare증권자투자신탁(UH)[주식] 클래스 C-E,자산운용,20090923,주식형,12123612001171101ZZ2,KR5229161645
20260511,17722,삼성미국코어주식증권자투자신탁H[주식]_Ce,자산운용,20100316,주식형,1212361200110110121C,KR5105177228
20260511,A2287,NH-Amundi성장 중소형주 증권투자신탁[주식] Class C1,자산운용,20110503,주식형,12111412301011113111,KR5232A22875
20260511,26594,미래에셋장기성장포커스증권자투자신탁3호(주식)종류직판F,자산운용,20120215,주식형,12113C11001011111111,KR5301265942
20260511,A2286,NH-Amundi 성장 중소형주 증권투자신탁[주식] Class A1,자산운용,20110622,주식형,12111212301011113111,KR5232A22867
20260511,75022,DB차이나증권투자신탁제1호[주식]ClassC-E,자산운용,20071018,주식형,12121612001171101ZZB,KR5216750228
20260511,75071,DB차이나증권투자신탁제1호[주식]ClassC-H,자산운용,20071019,주식형,12121812001171101ZZB,KR5216750715
20260511,56658,DB차이나증권투자신탁제1호[주식]_운용,자산운용,20060508,주식형,12121112001171101ZZB,KR5216566582
20260511,AQ633,카디안 차이나드래곤AShare증권자투자신탁(UH)[주식] 클래스 S,자산운용,20140422,주식형,12123D12101171101ZZ2,KR5229AQ6335
20260511,16165,카디안 차이나드래곤AShare증권자투자신탁(UH)[주식] 클래스 C-W,자산운용,20141016,주식형,12123712001171101ZZ2,KR5229161652
20260511,BA881,카디안 차이나드래곤AShare증권자투자신탁(UH)[주식] 클래스S-P2(연금저축),자산운용,20160315,주식형,12123E12036171111ZZ2,K55229BA8815
20260511,67901,대신 퇴직연금60 대표기업 증권자투자신탁[주식혼합],자산운용,20070419,혼합주식형,13113Z12060012111122,KR5203679018
20260511,67435,DB차이나증권투자신탁제1호[주식]ClassA,자산운용,20070410,주식형,12121212001171101ZZB,KR5216674352
20260511,67495,DB차이나증권투자신탁제1호[주식]ClassA1,자산운용,20070411,주식형,12121212001171101ZZB,KR5216674956
20260511,AW651,미래에셋장기성장포커스증권자투자신탁3호(주식)종류S,자산운용,20150722,주식형,12113D12001011111111,KR5301AW6510
20260511,AQ645,DB차이나증권투자신탁제1호[주식]ClassS,자산운용,20140422,주식형,12121D12001171101ZZB,KR5216AQ6454
20260511,98795,DB차이나증권투자신탁제1호[주식]ClassC5,자산운용,20110412,주식형,12121412001171101ZZB,KR5216987952
20260511,AF696,카디안 차이나드래곤AShare증권자투자신탁(UH)[주식] 클래스 C-P(퇴직연금),자산운용,20150224,주식형,12123A12060171101ZZ2,KR5229AF6965
20260511,AZ550,카디안 차이나드래곤AShare증권자투자신탁(UH)[주식] 클래스 C-P2(연금저축),자산운용,20150318,주식형,12123A12036171101ZZ2,KR5229AZ5500
20260511,AH511,NH-Amundi 코리아 2배 레버리지 증권투자신탁[주식-파생형] ClassAe,자산운용,20130425,파생상품,12211212015017111261,KR5232AH5119
20260511,A2293,NH-Amundi 성장 중소형주 증권투자신탁[주식]Class Cw,자산운용,20160314,주식형,12111B12301011113111,KR5232A22933
20260511,B4800,NH-Amundi 성장 중소형주 증권투자신탁[주식]Class C-P2(퇴직연금),자산운용,20151020,주식형,12111A12060011113111,K55232B48005
20260511,AB118,KB스타 코리아 레버리지2.0 증권 투자신탁(주식-파생형)C-E 클래스,자산운용,20130425,파생상품,122116120150151ZZ121,KR5223AB1180
20260511,AL415,KB RISE 주식혼합증권상장지수투자신탁(주식혼합),자산운용,20131016,혼합주식형,13111Z12044011111263,KR5223AL4158
20260511,AL416,KB RISE 200채권혼합50증권상장지수투자신탁(채권혼합),자산운용,20131016,혼합채권형,14111Z12044012111264,KR5223AL4166
20260511,AT976,NH-Amundi 국채10년 인덱스 증권자[채권]Class C,자산운용,20140903,채권형,11113412001013224264,KR5232AT9760
20260511,AP088,한국투자마스터증권자투자신탁1호(국공채)(S),자산운용,20140422,채권형,11113D12001013222ZZ5,KR5101AP0886
20260511,69837,KB스타 유로 인덱스 증권 자투자신탁(주식-파생형)C-E,자산운용,20070604,파생상품,1222361201508711226B,KR5223698378
20260511,64936,한화아시아리츠부동산자투자신탁(리츠-재간접형) (A),자산운용,20070206,부동산,171232120010344ZZ18C,KR5213649365
20260511,64938,한화아시아리츠부동산자투자신탁(리츠-재간접형),자산운용,20070206,부동산,171231120010344ZZ18C,KR5213649381
20260511,48063,한화 Japan REITs 부동산 투자신탁 1호(리츠-재간접형),자산운용,20050316,부동산,171211120011644ZZ20C,KR5213480639
20260511,83714,한화 Japan REITs 부동산 투자신탁 1호(리츠-재간접형) (C1),자산운용,20050316,부동산,171214120011644ZZ20C,KR5213837143
20260511,AP514,한화 Japan REITs 부동산 투자신탁 1호(리츠-재간접형) (S),자산운용,20140422,부동산,17121D120011644ZZ20C,KR5213AP5146
20260511,AP382,한화아시아리츠부동산 자투자신탁(리츠-재간접형) (S),자산운용,20140422,부동산,17123D120010344ZZ18C,KR5213AP3828
20260511,AH973,한화아시아리츠부동산 모투자신탁(리츠-재간접형),자산운용,20130508,부동산,17122Z120010344ZZ183,KR5213AH9734
20260511,92507,한화 Japan REITs 부동산 투자신탁 1호(리츠-재간접형) (A),자산운용,20101220,부동산,171212120011644ZZ20C,KR5213925070
20260511,96775,한화아시아리츠부동산자투자신탁(리츠-재간접형) (C5),자산운용,20110207,부동산,171234120010344ZZ18C,KR5213967759
20260508,19931,AB미국그로스증권투자신탁(주식-재간접형)종류형C4,자산운용,20130329,재간접,16121412001101301ZZB,KR5370199311
20260508,AH599,다올VIP스타셀렉션60증권자투자신탁[주식혼합] 종류C-P,자산운용,20130507,혼합주식형,13113A120360111ZZZZ2,KR5306AH5995
20260508,AH192,다올VIP스타셀렉션60증권자투자신탁[주식혼합](운),자산운용,20130507,혼합주식형,131131120010111ZZZZ2,KR5306AH1929
20260508,AP498,미래에셋스마트롱숏50증권자투자신탁1호(주식혼합)종류C2,자산운용,20150312,혼합주식형,13113412001012111264,KR5301AP4985
20260508,AP953,삼성코리아인덱스장기소득공제증권전환형자투자신탁 제1호[주식-파생형]_Ce,자산운용,20140407,파생상품,12213612073015111262,KR5105AP9537
20260508,AH874,교보악사Tomorrow장기우량증권투자신탁K-1호(채권)ClassC-P2,자산운용,20130426,채권형,11111A120360131ZZZZ5,KR5207AH8742
20260508,AI131,미래에셋솔로몬장기국공채증권모투자신탁(채권),자산운용,20130506,채권형,11112Z12049013224ZZ5,KR5301AI1311
20260508,BB016,삼성달러표시단기채권증권자투자신탁UH[채권]_Cp(퇴직연금),자산운용,20160218,채권형,11123A12060023122264,K55105BB0166
20260508,79108,한국투자브릭스증권모투자신탁(주식),자산운용,20080506,주식형,12122Z12001111111202,KR5101791089
20260508,79691,한국투자아시아증권모투자신탁(주식),자산운용,20080506,주식형,12122Z12001051111263,KR5101796914
20260508,26590,미래에셋장기성장포커스증권자투자신탁3호(주식)종류C2,자산운용,20110511,주식형,12113412001011111111,KR5301265900
20260508,A0567,키움작은거인증권자투자신탁1호[주식]ClassA,자산운용,20110331,주식형,12113212001011113261,KR5391A05676
20260508,CX966,삼성평생소득TIF60증권자투자신탁2호H[주식혼합-재간접형]_Cpe(퇴직연금),자산운용,20191209,재간접,161236120600211ZZZZD,K55105CX9665
20260508,C5147,한국투자차이나AI빅테크플러스증권투자신탁(주식)(C4),자산운용,20210517,주식형,12121412001171111ZZB,K55101C51475
20260508,CW034,타임폴리오위드타임증권자투자신탁(사모투자재간접형)종류A,자산운용,20190923,재간접,161132120820169ZZZZ1,K553J1CW0340
20260508,C6046,하나THE코스닥벤처증권투자신탁[주식혼합-파생형] 종류 C,자산운용,20180405,파생상품,13211412001015131ZZ2,K55102C60466
20260508,CA650,KB 글로벌 리얼에셋 인컴 증권 자투자신탁(채권)(H) C-Pe,자산운용,20190222,채권형,11123A120360231ZZZZE,K55223CA6509
20260508,C9969,현대강소기업증권자투자신탁1호[주식]종류C-P2e,자산운용,20180622,주식형,12113412060011113111,K55373C99693
20260508,D2075,한국투자미국배당귀족증권자투자신탁UH(주식)(A),자산운용,20200422,주식형,12123212015101119143,K55101D20759
20260508,CC879,키움장대트리플플러스증권투자신탁1호[채권혼합]Class A-e,자산운용,20190401,혼합채권형,14111612325012611ZZ6,K55206CC8793
20260508,C8920,KB 차이나 AI테크 증권 자투자신탁(주식) C-Pe,자산운용,20180525,주식형,12123A1203617151126B,K55223C89204
20260508,BU448,NH-Amundi 모아모아15 증권투자신탁[채권혼합] Class Ae,자산운용,20171121,혼합채권형,14111612001012111265,K55232BU4484
20260508,C6425,다올블록딜공모주하이일드증권투자신탁[채권혼합] 종류C-P,자산운용,20180413,혼합채권형,14111A123360126ZZZZ5,K55306C64259
20260508,BU287,iM에셋글로벌다이나믹주식증권투자신탁(주식-재간접형)(H)(C-Pe),자산운용,20170824,재간접,1612161203602110126B,K55366BU2874
20260508,BV783,키움SmartInvestor분할매수증권자투자신탁제1호_C-Pe[주식혼합-재간접형],자산운용,20170904,재간접,16113A12036011111ZZ2,K55206BV7835
20260508,B3994,피델리티글로벌테크놀로지증권자투자신탁(주식-재간접형)종류A-e,자산운용,20161107,재간접,1612361201402150118B,K55235B39940
20260508,AC501,카디안 미국투자적격회사채증권자투자신탁(H)[채권-재간접형] 클래스 C,자산운용,20120917,재간접,161234120011031ZZZZD,KR5229AC5010
20260508,98446,iM에셋월드골드증권자투자신탁(주식-재간접형)(UH)(C3),자산운용,20110110,재간접,16123412069021501181,KR5366984460
20260508,ED578,우리미국단기채공모주증권자투자신탁1호(H)(채권혼합)ClassC-P1e,자산운용,20240906,혼합채권형,141236120010231ZZZZD,K55107ED5788
20260508,E8244,코레이트초단기금리혼합자산투자신탁_A,자산운용,20240312,혼합자산,1911121200101ZZ21265,K55310E82440
20260508,E9276,대신 미국 장기국채 액티브 목표전환형 증권투자신탁2호[채권-재간접형] 종류 A,자산운용,20240326,재간접,16121232012103224ZZC,K55203E92768
20260508,E8602,우리큰만족신종MMF3호ClassC,자산운용,20240105,단기금융,1EE114120010182ZZZZ6,K55107E86029
20260508,ED278,다올내일출금초단기채공모주증권투자신탁[채권혼합] 종류Ce,자산운용,20240715,혼합채권형,141116120010131ZZZZ5,K55306ED2784
20260508,DZ131,코레이트초단기금리혼합자산투자신탁_C-I,자산운용,20230605,혼합자산,1911191200101ZZ21265,K55310DZ1314
20260508,DI582,DB크레딧알파증권투자신탁제1호[채권혼합]종류C-PE,자산운용,20210719,혼합채권형,14111612036012611ZZ4,K55216DI5824
20260508,DI576,DB크레딧알파증권투자신탁제1호[채권혼합]종류C-E,자산운용,20210719,혼합채권형,14111612001012611ZZ4,K55216DI5766
20260508,DI574,DB크레딧알파증권투자신탁제1호[채권혼합]종류A-E,자산운용,20210719,혼합채권형,14111612001012611ZZ4,K55216DI5741
20260508,27465,신영밸류우선주30증권자투자신탁(채권혼합)Ce형,자산운용,20160304,혼합채권형,14113612001012111115,KR5209274657
20260508,DI562,DB크레딧알파증권투자신탁제1호[채권혼합]종류A,자산운용,20210614,혼합채권형,14111212001012611ZZ4,K55216DI5626
20260508,DI575,DB크레딧알파증권투자신탁제1호[채권혼합]종류C,자산운용,20210507,혼합채권형,14111412001012611ZZ4,K55216DI5758
20260508,DI519,DB크레딧알파증권투자신탁제1호[채권혼합]_운용,자산운용,20210507,혼합채권형,14111112001012611ZZ4,K55216DI5196
20260508,BU041,교보악사공모주알파30증권자투자신탁2호[채권혼합]ClassC-P2e,자산운용,20210405,혼합채권형,14113A120340126ZZZZ5,K55207BU0418
20260508,DA803,한화K리츠플러스부동산 자투자신탁(H)(리츠-재간접형) C-RP(퇴직연금),자산운용,20201021,부동산,17133A120600244ZZZZD,K55213DA8035
20260508,CP588,교보악사 평생든든 적격TDF 2035증권자투자신탁(주식혼합-재간접형) Class C-R(퇴직연금),자산운용,20190521,재간접,16133A120600211ZZZZC,K55207CP5884
20260508,D8189,KB 글로벌 AI 플랫폼 증권 자투자신탁(주식)(UH) C,자산운용,20200727,주식형,12123412001021111212,K55223D81894
20260508,26591,미래에셋장기성장포커스증권자투자신탁3호(주식)종류C3,자산운용,20120507,주식형,12113412001011111111,KR5301265918
20260508,99791,신한유럽배당증권자투자신탁제1호(H)[주식](종류C4),자산운용,20110117,주식형,1212341240108141122C,KR5210997916
20260508,A9189,신한엄마사랑어린이적립식증권자투자신탁제1호[주식](종류C-e),자산운용,20120312,주식형,12113612007011211112,KR5210A91892
20260508,98292,미래에셋장기성장포커스증권자투자신탁1호(주식)종류A,자산운용,20101223,주식형,12113212001011111111,KR5301982926
20260508,EM618,한화 K방산조선원전증권 자투자신탁(주식) A,자산운용,20250814,주식형,12113212001011511262,K55213EM6182
20260508,EN499,마이다스기본적격TDF2040혼합자산자투자신탁 C-Pe1,자산운용,20250901,혼합자산,1913361203602ZZZZZZ3,K55303EN4997
20260508,ER290,BNK미국혁신테크Top3목표전환형증권투자신탁(채권-재간접형) Class C-Pe,자산운용,20260119,재간접,16111A320120131ZZZZ5,K55240ER2902
20260508,ER287,BNK미국혁신테크Top3목표전환형증권투자신탁(채권-재간접형)Class C-P,자산운용,20260119,재간접,16111A320120131ZZZZ5,K55240ER2878
20260508,ER285,BNK미국혁신테크Top3목표전환형증권투자신탁(채권-재간접형)Class C-F,자산운용,20260119,재간접,161117320120131ZZZZ5,K55240ER2852
20260508,ER282,BNK미국혁신테크Top3목표전환형증권투자신탁(채권-재간접형) Class C-e,자산운용,20260119,재간접,161116320120131ZZZZ5,K55240ER2829
20260508,ER275,BNK미국혁신테크Top3목표전환형증권투자신탁(채권-재간접형),자산운용,20260119,재간접,161111320120131ZZZZ5,K55240ER2753
20260508,ER276,BNK미국혁신테크Top3목표전환형증권투자신탁(채권-재간접형)Class A,자산운용,20260119,재간접,161112320120131ZZZZ5,K55240ER2761
20260508,ER277,BNK미국혁신테크Top3목표전환형증권투자신탁(채권-재간접형)Class A-e,자산운용,20260119,재간접,161116320120131ZZZZ5,K55240ER2779
20260508,ER279,BNK미국혁신테크Top3목표전환형증권투자신탁(채권-재간접형) Class C,자산운용,20260119,재간접,161114320120131ZZZZ5,K55240ER2795
20260508,EL433,브이아이 한미 국채분할매수 목표전환형 증권 투자신탁 1호[채권] A-E,자산운용,20250627,채권형,11131632312013225ZZD,K55104EL4339
20260508,BE858,교보악사프라임법인MMFJ-1호ClassC,자산운용,20160617,단기금융,1EE114120010181ZZZZ6,K55207BE8585
20260508,E8226,코레이트셀렉트단기채증권투자신탁[채권]_C-I,자산운용,20240730,채권형,11111912001013121ZZ6,K55310E82267
20260508,AP909,트러스톤밸류웨이소득공제증권자투자신탁[주식]Ce클래스,자산운용,20140404,주식형,12113612073011211112,KR5363AP9096
20260508,68415,하나IT코리아증권자투자신탁(제1호)[주식]ClassA,자산운용,20070503,주식형,12113212001011511182,KR5102684150
20260508,EU686,신한SOL코스닥150인덱스증권투자신탁[주식-파생형](종류C-s),자산운용,20260429,파생상품,12211Y12015017111262,K55210EU6862
20260508,ER886,신한G3AI테크EMP목표전환형증권투자신탁[채권-재간접형](종류C-re),자산운용,20260317,재간접,16111632060013121ZZ5,K55210ER8863
20260508,ER881,신한G3AI테크EMP목표전환형증권투자신탁[채권-재간접형](종류C-s),자산운용,20260317,재간접,16111Y32012013121ZZ5,K55210ER8814
20260508,ER291,현대인베스트먼트넥스트하이킥목표전환형증권투자신탁3호(채권-재간접형)P-e,자산운용,20260206,재간접,16111A320360131ZZZZ5,K55239ER2913
20260508,ER876,신한G3AI테크EMP목표전환형증권투자신탁[채권-재간접형],자산운용,20260317,재간접,16111132012013121ZZ5,K55210ER8764
20260508,ER877,신한G3AI테크EMP목표전환형증권투자신탁[채권-재간접형](종류A1),자산운용,20260317,재간접,16111232012013121ZZ5,K55210ER8772
20260508,ER878,신한G3AI테크EMP목표전환형증권투자신탁[채권-재간접형](종류A-e),자산운용,20260317,재간접,16111632012013121ZZ5,K55210ER8780
20260508,ER880,신한G3AI테크EMP목표전환형증권투자신탁[채권-재간접형](종류C-e),자산운용,20260317,재간접,16111632012013121ZZ5,K55210ER8806
20260508,DJ470,우리반도체BIG2플러스증권투자신탁(채권혼합)ClassC-W,자산운용,20260506,혼합채권형,14111B120010131ZZZZ4,K55107DJ4703
20260508,EF528,NH-Amundi 글로벌 자산배분 증권자투자신탁(H)[채권혼합-재간접형] Class C-P1(연금저축),자산운용,20260506,재간접,16123A120360221ZZZZD,K55232EF5289
20260508,ER439,삼성더알아서투자해주는EMP증권투자신탁[채권혼합-재간접형]_Cp(퇴직연금),자산운용,20260506,재간접,16111A120600131ZZZZ4,K55105ER4399
20260508,EU829,삼성액티브 코스닥 FOCUS 증권투자신탁[주식]_Cpe(퇴직연금),자산운용,20260506,주식형,12111612060011113262,K553N9EU8297
20260508,EU832,삼성액티브 코스닥 FOCUS 증권투자신탁[주식]_S-P(퇴직연금),자산운용,20260506,주식형,12111E12060011113262,K553N9EU8321
20260508,EV411,KB 멀티매니저 브릭스 증권 자투자신탁(주식) C-F 클래스,자산운용,20260506,주식형,1212371200112110123B,K55223EV4119
20260508,EV412,KB 연금 브릭스 증권 전환형 자투자신탁(주식) C-F 클래스,자산운용,20260506,주식형,1212371200112111123B,K55223EV4127
20260508,ER883,신한G3AI테크EMP목표전환형증권투자신탁[채권-재간접형](종류C-pe),자산운용,20260317,재간접,16111632036013121ZZ5,K55210ER8830
20260508,EU878,하나 1Q 코스닥150채권혼합50액티브증권상장지수투자신탁[채권혼합],자산운용,20260427,혼합채권형,14111Z12044017121ZZ4,K55102EU8786
20260508,AM399,신한BEST신종법인용단기금융투자신탁GS-2호(종류C-w),자산운용,20131224,단기금융,1EE11B120010182ZZZZ6,KR5210AM3998
20260508,EP815,KB K-성장과 지배구조 50 목표전환 증권 투자신탁 제2호(채권-재간접형) C-Pe,자산운용,20251128,재간접,16111A320360131ZZZZ5,K55223EP8159
20260508,ES743,삼성알아서글로벌주도테마EMP목표전환형증권투자신탁제2호[채권-재간접형]_A,자산운용,20260330,재간접,161312320110231ZZZZ5,K55105ES7433
20260508,36906,미래에셋FINEMMF1호(국공채),자산운용,20030506,단기금융,1EE11Z120490181ZZZZ6,KR5227369067
20260507,B2779,미래에셋밸런스롱숏증권자투자신탁1호(채권혼합) 종류A-e,자산운용,20160513,혼합채권형,14113612001012111ZZ5,K55301B27796
20260507,36879,한국투자신종법인용MMF3호(국공채)(모),자산운용,20030502,단기금융,1EE111120010181ZZZZ6,KR5101368797
20260507,ES660,한화 다이내믹집중매수EMP 목표전환형 증권투자신탁(채권-재간접형) J-e,자산운용,20260309,재간접,16111C32001013121ZZ5,K55213ES6608
20260507,ES659,한화 다이내믹집중매수EMP 목표전환형 증권투자신탁(채권-재간접형) C-RPe(퇴직연금),자산운용,20260309,재간접,16111A32060013121ZZ5,K55213ES6590
20260507,ES658,한화 다이내믹집중매수EMP 목표전환형 증권투자신탁(채권-재간접형) C-RP(퇴직연금),자산운용,20260309,재간접,16111A32060013121ZZ5,K55213ES6582
20260507,ES657,한화 다이내믹집중매수EMP 목표전환형 증권투자신탁(채권-재간접형) C-Pe(연금저축),자산운용,20260309,재간접,16111632036013121ZZ5,K55213ES6574
20260507,ES652,한화 다이내믹집중매수EMP 목표전환형 증권투자신탁(채권-재간접형) C-f,자산운용,20260309,재간접,16111732001013121ZZ5,K55213ES6525
20260507,ER419,한화 다이내믹집중매수EMP 목표전환형 증권투자신탁(채권-재간접형),자산운용,20260309,재간접,16111132001013121ZZ5,K55213ER4190
20260507,ES651,한화 다이내믹집중매수EMP 목표전환형 증권투자신탁(채권-재간접형) C-e,자산운용,20260309,재간접,16111632001013121ZZ5,K55213ES6517
20260507,ES649,한화 다이내믹집중매수EMP 목표전환형 증권투자신탁(채권-재간접형) A-e,자산운용,20260309,재간접,16111632001013121ZZ5,K55213ES6491
20260507,ER421,한화 다이내믹집중매수EMP 목표전환형 증권투자신탁(채권-재간접형) A,자산운용,20260309,재간접,16111232001013121ZZ5,K55213ER4216
20260507,EP823,신한지수연계싱글리자드증권투자신탁SEK-2호[ELS-파생형](종류),자산운용,20251105,파생상품,122211329470253ZZZZ1,K55210EP8238
20260507,EP825,신한지수연계싱글리자드증권투자신탁SEK-2호[ELS-파생형](종류A-e),자산운용,20251105,파생상품,122216329470253ZZZZ1,K55210EP8253
20260507,ES650,한화 다이내믹집중매수EMP 목표전환형 증권투자신탁(채권-재간접형) C,자산운용,20260309,재간접,16111432001013121ZZ5,K55213ES6509
20260507,E1145,한국투자글로벌우주기술&방산증권자투자신탁UH(주식)(S),자산운용,20260203,주식형,12123D12001021111ZZ2,K55101E11459
20260507,ET032,하나리레이팅코리아목표전환형증권투자신탁제3호[채권-재간접형]ClassC,자산운용,20260323,재간접,16111432012012121ZZ5,K55102ET0323
20260507,BX867,미래에셋글로벌다이나믹플러스증권자투자신탁1호(채권)종류CG,자산운용,20260504,채권형,11133G120010231ZZZZE,K55301BX8678
20260507,EV253,KB 글로벌 미래성장산업 증권 투자신탁(주식-재간접형)(UH) C-F,자산운용,20260430,재간접,161217120010211ZZZZ2,K55223EV2535
20260507,C5181,한화 LIFEPLUS 적격TDF 2040 증권 자투자신탁(주식혼합-재간접형) 종류 C-e,자산운용,20260504,재간접,16123412001021111ZZ3,K55213C51817
20260507,EP665,KCGI프리덤적격TDF2060증권자투자신탁[주식혼합-재간접형]종류C-Pe2,자산운용,20260504,재간접,16123A1306002ZZZZZZ3,K55365EP6656
20260507,E1147,한국투자글로벌우주기술&방산증권자투자신탁UH(주식)(S-R),자산운용,20260206,주식형,12123A12060021111ZZ2,K55101E11475
20260507,ER148,신한글로벌AI인프라목표전환형증권투자신탁[채권](종류A-e),자산운용,20260126,채권형,11111632012013121ZZ5,K55210ER1488
20260507,E1146,한국투자글로벌우주기술&방산증권자투자신탁UH(주식)(S-P),자산운용,20260203,주식형,12123E12036021111ZZ2,K55101E11467
20260507,14210,우리 Best중소형증권자투자신탁[주식]Class E,자산운용,20090617,주식형,12113612001011113112,KR5228142109
20260507,14209,우리 Best중소형증권자투자신탁[주식]Class A2,자산운용,20090617,주식형,12113212001011113112,KR5228142091
20260507,AG932,키움신성장중소형주증권자투자신탁제1호[주식]C4,자산운용,20160712,주식형,12113412301011111262,KR5206AG9320
20260507,B6293,키움퇴직연금코어밸류증권자투자신탁제1호[주식]CLASS C1,자산운용,20160503,주식형,12113412060011111112,K55206B62935
20260507,AI683,한화미국대표증권 자투자신탁 2 호(주식-재간접형) 종류A-e,자산운용,20140522,재간접,1612361200110110120B,KR5213AI6838
20260507,B6292,키움퇴직연금코어밸류증권자투자신탁제1호[주식],자산운용,20160503,주식형,12113112060011111112,K55206B62927
20260507,AR150,미래에셋스마트롱숏70증권자투자신탁1호(주식)종류C-e,자산운용,20140416,주식형,12113612001011111264,KR5301AR1500
20260507,AQ732,키움신성장중소형주증권자투자신탁제1호[주식]S,자산운용,20140422,주식형,12113D12301011113262,KR5206AQ7322
20260507,AQ299,우리 Best중소형증권자투자신탁[주식]Class S,자산운용,20140422,주식형,12113D12001011113112,KR5228AQ2996
20260507,EA920,우리나라초단기채권증권투자신탁[채권]ClassC-Pe,자산운용,20240523,채권형,111116120010131ZZZZ5,K55107EA9205
20260507,D6777,우리 Best중소형증권자투자신탁[주식]Class S(P)2,자산운용,20241217,주식형,12113E12060011113112,K55228D67777
20260507,EJ265,브이아이 초단기 국채알파 증권 투자신탁[채권] C-E,자산운용,20250317,채권형,11111612001013121ZZ5,K55104EJ2659
20260507,E1131,한국투자글로벌우주기술&방산증권자투자신탁UH(주식)(A-e),자산운용,20250521,주식형,12123612001021111ZZ2,K55101E11319
20260507,E1143,한국투자글로벌우주기술&방산증권자투자신탁UH(주식)(C-Re),자산운용,20250225,주식형,12123612060021111ZZ2,K55101E11434
20260507,CO950,우리 Best중소형증권자투자신탁[주식]Class S(P)1,자산운용,20241216,주식형,12113E12036011113112,K55228CO9502
20260507,EG487,신영내일드림단기금리혼합자산투자신탁Ae형,자산운용,20250115,혼합자산,1911161200101ZZ21265,K55209EG4876
20260507,ET135,신영기업가치레벨업목표전환형증권투자신탁4호(채권-재간접형)C-Pe형,자산운용,20260306,재간접,16111A320360131ZZZZ5,K55209ET1356
20260507,ET134,신영기업가치레벨업목표전환형증권투자신탁4호(채권-재간접형)C-P형,자산운용,20260306,재간접,16111A320360131ZZZZ5,K55209ET1349
20260507,ET022,DB코스닥메가트렌드목표전환형증권투자신탁제1호[채권]종류C-P2E,자산운용,20260306,채권형,111116320600131ZZZZ5,K55216ET0227
20260507,EL317,한국투자차이나항셍테크증권자투자신탁UH(주식)(C-e),자산운용,20250730,주식형,12123612015177111ZZ2,K55101EL3177
20260507,ET021,DB코스닥메가트렌드목표전환형증권투자신탁제1호[채권]종류C-P2,자산운용,20260306,채권형,11111A320600131ZZZZ5,K55216ET0219
20260507,ET020,DB코스닥메가트렌드목표전환형증권투자신탁제1호[채권]종류C-PE,자산운용,20260306,채권형,111116323360131ZZZZ5,K55216ET0201
20260507,ET019,DB코스닥메가트렌드목표전환형증권투자신탁제1호[채권]종류C-P,자산운용,20260306,채권형,11111A320360131ZZZZ5,K55216ET0193
20260507,ET018,DB코스닥메가트렌드목표전환형증권투자신탁제1호[채권]종류C-F,자산운용,20260306,채권형,111117320120131ZZZZ5,K55216ET0185
20260507,ET016,DB코스닥메가트렌드목표전환형증권투자신탁제1호[채권]종류C-E,자산운용,20260306,채권형,111116320120131ZZZZ5,K55216ET0169
20260507,ET015,DB코스닥메가트렌드목표전환형증권투자신탁제1호[채권]종류C,자산운용,20260306,채권형,111114320120131ZZZZ5,K55216ET0151
20260507,ET013,DB코스닥메가트렌드목표전환형증권투자신탁제1호[채권]종류A-E,자산운용,20260306,채권형,111116320120131ZZZZ5,K55216ET0136
20260507,ET011,DB코스닥메가트렌드목표전환형증권투자신탁제1호[채권]_운용,자산운용,20260306,채권형,111111320120131ZZZZ5,K55216ET0110
20260507,E1129,한국투자글로벌우주기술&방산증권자투자신탁UH(주식)(A),자산운용,20250723,주식형,12123212001021111ZZ2,K55101E11293
20260507,E1134,한국투자글로벌우주기술&방산증권자투자신탁UH(주식)(C),자산운용,20250729,주식형,12123412001021111ZZ2,K55101E11343
20260507,EL329,한국투자차이나항셍테크증권자투자신탁UH(주식)(C-Pe),자산운용,20250721,주식형,12123612036177111ZZ2,K55101EL3292
20260507,ES606,흥국라이징코스닥타겟다운목표전환형증권투자신탁1호[채권]C-f,자산운용,20260331,채권형,11111732012013121ZZ5,K55224ES6068
20260507,ES608,흥국라이징코스닥타겟다운목표전환형증권투자신탁1호[채권]C-pe,자산운용,20260331,채권형,11111632036013121ZZ5,K55224ES6084
20260507,EN061,한국밸류가치플러스목표전환형증권투자신탁(채권-재간접형)(A-e),자산운용,20250818,재간접,16111632011013122ZZ5,K55236EN0617
20260507,ES605,흥국라이징코스닥타겟다운목표전환형증권투자신탁1호[채권]C-e,자산운용,20260331,채권형,11111632012013121ZZ5,K55224ES6050
20260507,ES604,흥국라이징코스닥타겟다운목표전환형증권투자신탁1호[채권]C,자산운용,20260331,채권형,11111432012013121ZZ5,K57224ES6049
20260507,ES603,흥국라이징코스닥타겟다운목표전환형증권투자신탁1호[채권]A-e,자산운용,20260331,채권형,11111632012013121ZZ5,K55224ES6035
20260507,ES602,흥국라이징코스닥타겟다운목표전환형증권투자신탁1호[채권]A,자산운용,20260331,채권형,11111232012013121ZZ5,K55224ES6027
20260507,ES601,흥국라이징코스닥타겟다운목표전환형증권투자신탁1호[채권],자산운용,20260331,채권형,11111132012013121ZZ5,K55224ES6019
20260507,ES610,흥국라이징코스닥타겟다운목표전환형증권투자신탁1호[채권]C-p2e,자산운용,20260331,채권형,11111632060013121ZZ5,K55224ES6100
20260507,15874,현대뉴현대밸류플러스증권자투자신탁1호[주식]종류C4,자산운용,20120917,주식형,12113412001011111112,KR5373158744
20260507,AG927,키움신성장중소형주증권자투자신탁제1호[주식]A1,자산운용,20130502,주식형,12113212301011113262,KR5206AG9270
20260507,AG926,키움신성장중소형주증권자투자신탁제1호[주식],자산운용,20130502,주식형,12113112001011113262,KR5206AG9262
20260507,AG933,키움신성장중소형주증권자투자신탁제1호[주식]C-e,자산운용,20130627,주식형,12113612301011113262,KR5206AG9338
20260507,AG928,키움신성장중소형주증권자투자신탁제1호[주식]A-e,자산운용,20140522,주식형,12113212301011113262,KR5206AG9288
20260507,99790,신한유럽배당증권자투자신탁제1호(H)[주식](종류C3),자산운용,20110117,주식형,1212341240108141122C,KR5210997908
20260507,99829,신한골드증권투자신탁제1호[주식](종류C4),자산운용,20110117,주식형,121214120010211ZZ18B,KR5210998294
20260507,94505,우리 Best중소형증권자투자신탁[주식]Class C5,자산운용,20101018,주식형,12113412001011113112,KR5228945055
20260507,52783,우리 Best중소형증권자투자신탁[주식](운용),자산운용,20051130,주식형,12113112001011113112,KR5228527838
20260507,53965,우리 Best중소형증권자투자신탁[주식]Class C(W),자산운용,20060113,주식형,12113912001011113112,KR5228539650
20260507,D9203,우리 Best중소형증권자투자신탁[주식]Class Ae,자산운용,20210603,주식형,12113612001011113112,K55228D92031
20260507,D0055,삼성누버거버먼미국리츠부동산자투자신탁H[REITs-재간접형]_C-P,자산운용,20200820,부동산,17123A120361044ZZ26B,K55105D00554
20260507,DK224,한화 공모주플러스 증권투자신탁(채권혼합) 종류A-E,자산운용,20210611,혼합채권형,141116120430126ZZZZ5,K55213DK2242
20260507,DK223,한화 공모주플러스 증권투자신탁(채권혼합) 종류C-E,자산운용,20210611,혼합채권형,141116120430126ZZZZ5,K55213DK2234
20260507,DK222,한화 공모주플러스 증권투자신탁(채권혼합) 종류C-Pe(연금저축),자산운용,20210825,혼합채권형,141116120360126ZZZZ5,K55213DK2226
20260507,DK221,한화 공모주플러스 증권투자신탁(채권혼합) 종류C-RPe(퇴직연금),자산운용,20210915,혼합채권형,141116120600126ZZZZ5,K55213DK2218
20260507,DM787,한화 공모주플러스 증권투자신탁(채권혼합) 종류J-e,자산운용,20210824,혼합채권형,14111C120430126ZZZZ5,K55213DM7876
20260507,DM788,한화 공모주플러스 증권투자신탁(채권혼합) 종류J-Pe(연금저축),자산운용,20210824,혼합채권형,14111C120360126ZZZZ5,K55213DM7884
20260507,B2358,한화 공모주플러스 증권투자신탁(채권혼합) 종류C,자산운용,20150506,혼합채권형,141114120430126ZZZZ5,K55213B23586
20260507,B2357,한화 공모주플러스 증권투자신탁(채권혼합) 종류A,자산운용,20150506,혼합채권형,141112120430126ZZZZ5,K55213B23578
20260507,B2356,한화 공모주플러스 증권투자신탁(채권혼합),자산운용,20150506,혼합채권형,141111120430126ZZZZ5,K55213B23560
20260507,E1140,한국투자글로벌우주기술&방산증권자투자신탁UH(주식)(C-Pe),자산운용,20250220,주식형,12123612036021111ZZ2,K55101E11400
20260507,E3328,교보악사 일반형 법인MMF Class C,자산운용,20230622,단기금융,1EE114120010182ZZZZ6,K55207E33284
20260507,28287,한화배당성장인덱스증권 자투자신탁1호(주식) 종류C-W,자산운용,20240104,주식형,12113B12015011411143,KR5103282871
20260507,ED596,우리미국단기채공모주증권자투자신탁1호(UH)(채권혼합)ClassC-Pe,자산운용,20240813,혼합채권형,141236120010231ZZZZ3,K55107ED5960
20260507,E9408,하나초단기채증권투자신탁[채권]종류C-F,자산운용,20240226,채권형,11111712001013121ZZ5,K55102E94081
20260507,EE853,한화 디딤 안정성장자산배분증권 자투자신탁(혼합-재간접형) C-RPe(퇴직연금),자산운용,20240925,재간접,161236120810231ZZZZC,K55213EE8535
20260507,E7993,다올주주환원증권투자신탁[주식] 종류C,자산운용,20240220,주식형,12111412001011111112,K55306E79931
20260507,E4455,디에스Maestro증권자투자신탁[주식] 종류C,자산운용,20230714,주식형,12113412001011111ZZ2,K553F0E44555
20260507,E1127,한국투자글로벌우주기술&방산증권자투자신탁UH(주식)(모),자산운용,20230504,주식형,12123112001021111ZZ2,K55101E11277
20260507,E1125,한국투자글로벌우주기술&방산증권자투자신탁UH(주식)(C-e),자산운용,20230504,주식형,12123612001021111ZZ2,K55101E11251
20260507,95975,KB 장기플랜 증권 투자신탁(주식)C5,자산운용,20101018,주식형,12111412001011112112,KR5223959754
20260507,95970,KB 장기플랜 증권 투자신탁(주식)(운용),자산운용,20060503,주식형,12111112001011112112,KR5223959705
20260507,B5118,한화 공모주플러스 증권투자신탁(채권혼합) 종류C-RP(퇴직연금),자산운용,20150713,혼합채권형,14111A120600126ZZZZ5,K55213B51181
20260507,B3930,한화 공모주플러스 증권투자신탁(채권혼합) 종류C-P(연금저축),자산운용,20150601,혼합채권형,141114120360126ZZZZ5,K55213B39301
20260507,A6081,피델리티이머징마켓증권자투자신탁C-W(채권-재간접형),자산운용,20120926,재간접,16123B120012331ZZ23C,KR5235A60811
20260507,AF363,피델리티이머징마켓증권자투자신탁CP(채권-재간접형),자산운용,20160824,재간접,16123A120602331ZZ23C,KR5235AF3634
20260507,AF387,피델리티글로벌배당인컴증권자투자신탁(주식-재간접형)종류C3,자산운용,20150610,재간접,1612341200102140121C,KR5235AF3873
20260507,A9964,피델리티이머징마켓증권자투자신탁A-E(채권-재간접형),자산운용,20130826,재간접,161236120012331ZZ23C,KR5235A99645
20260507,BU244,신한마음편한적격TDF2045증권투자신탁[주식혼합-재간접형](종류C-pe),자산운용,20171011,재간접,161216120360211ZZZZB,K55210BU2443
20260507,BL891,KB스타 골드 특별자산 투자신탁(금-파생형)C-P 클래스,자산운용,20170206,파생상품,18231A120360251ZZ26B,K55223BL8917
20260507,A7485,한국투자ANKOR유전해외자원개발특별자산투자회사1호(지분증권),자산운용,20120202,특별자산,28121Z42A011069ZZZZ1,KRM101A74850
20260507,BV343,한국투자신종개인용MMF10호(C),자산운용,20170831,단기금융,1EE114120010182ZZZZ6,K55101BV3434
20260507,B6294,키움퇴직연금코어밸류증권자투자신탁제1호[주식]CLASS C-e,자산운용,20170607,주식형,12113612060011111112,K55206B62943
20260507,BL505,브이아이 지주회사 플러스 증권 자투자신탁 1호[주식] A-E,자산운용,20170712,주식형,12113612061011111112,K55104BL5057
20260507,BU719,카디안 차이나드래곤AShare40증권자투자신탁(H)[채권혼합] 클래스C-P(퇴직연금)E,자산운용,20170817,혼합채권형,14133A12060172111ZZD,K55229BU7193
20260507,CF157,한국투자신종법인용MMF3호(국공채)(C-Re),자산운용,20181023,단기금융,1EE116120600181ZZZZ6,K55101CF1577
20260507,BC822,KCGI차이나증권투자신탁[주식]종류C2,자산운용,20170502,주식형,12121412001251101202,K55365BC8221
20260507,C3876,한국투자신종법인용MMF3호(국공채)(C),자산운용,20180314,단기금융,1EE114120010181ZZZZ6,K55101C38761
20260507,BY940,피델리티이머징마켓증권자투자신탁CP-e(채권-재간접형),자산운용,20180716,재간접,161236120602331ZZ23C,K55235BY9403
20260507,AS732,신영레벨업코리아플러스증권자투자신탁(주식)Ae형,자산운용,20180521,주식형,12113612001011111112,KR5209AS7327
20260507,BU069,교보악사Tomorrow장기우량증권투자신탁K-1호(채권)ClassC-P2e,자산운용,20171120,채권형,11111A120360131ZZZZ5,K55207BU0699
20260507,CJ518,NH-Amundi USD 초단기채권 증권자투자신탁(UH)[채권] Class A,자산운용,20190125,채권형,11123212001023121ZZ4,K55232CJ5188
20260507,94585,다올VIP스타셀렉션증권자투자신탁[주식] 종류C2,자산운용,20100719,주식형,121134120010111ZZZZ1,KR5306945852
20260507,CI356,NH-Amundi 하나로 적격 TDF 2025 증권투자신탁[채권혼합-재간접형]Class C-P1e(연금저축),자산운용,20190812,재간접,161216120360221ZZZZD,K55232CI3564
20260507,CM445,현대머니마켓플렉스증권자투자신탁1호[채권] 종류A-e,자산운용,20190419,채권형,111136120010131ZZZZ6,K55373CM4458
20260507,B3234,KCGI코리아스몰캡증권투자신탁[주식]종류C1,자산운용,20150601,주식형,12111412001011113112,K55365B32346
